"","ME","RMSE","MAE","MPE","MAPE"
"Test set",3.31253520445501,122.416335794618,97.2176090855947,-27.8177577100783,66.8394462938047
