"","NA.","t.value"
"1","(Intercept)",6.59401959308622
"2","Dew_PointF",4.83671278826605
"3","hour",-11.8225710743498
"4","Day",-5.43911272083525
"5","Temperature",-2.88230979062184
"6","Humidity",-6.22250244178397
"7","peakHour",79.0363849333262
"8","Weekday",39.8972185175012
"9","Month",-8.79271520345455
"10","Day.of.Week",10.7301532296896
